{
    "FAT": "g", 
    "FASAT": "g",
    "FATRN": "g",
    "FAMS": "g",
    "FAPU": "g",
    "CHOCDF": "g",
    "CHOCDF.net": "g",
    "FIBTG": "g",
    "SUGAR": "g",
    "SUGAR.added": "g",
    "WATER": "g",
    "Sugar alchols": "g",
    "PROCNT": "g",
    "CHOLE": "mg",
    "NA": "mg",
    "CA": "g",
    "MG": "mg",
    "K": "mg",
    "FE": "mg",
    "ZN": "mg",
    "VITA_RAE": "μg",
    "VITC": "mg",
    "THIA": "mg",
    "RIBF": "mg",
    "NIA": "mg",
    "VITB6A": "mg",
    "FOLDFE": "μg",
    "FOLFD": "μg",
    "FOLAC": "μg",
    "VITB12": "μg",
    "VITD": "μg",
    "TOCPHA": "mg",
    "VITK1": "μg",
    "Sugar.alcohol": "g",
    "P": "mg"
}